<?xml version="1.0" encoding="UTF-8"?>
<export version="D">
  <design>
    <source>D:\Documents\kicad_projects\KiCAD\5V_RPS_SMD\5V_RPS_SMD\5V_RPS_SMD.sch</source>
    <date>07/26/25 12:03:53</date>
    <tool>Eeschema (5.1.10)-1</tool>
    <sheet number="1" name="/" tstamps="/">
      <title_block>
        <title>5V RPS SMD</title>
        <company>M TEHJO NITHYA SHREE</company>
        <rev>PRACTICE </rev>
        <date>26-07-2024</date>
        <source>5V_RPS_SMD.sch</source>
        <comment number="1" value=""/>
        <comment number="2" value=""/>
        <comment number="3" value=""/>
        <comment number="4" value=""/>
      </title_block>
    </sheet>
  </design>
  <components>
    <comp ref="D1">
      <value>DIODE</value>
      <footprint>Diode_SMD:D_1206_3216Metric</footprint>
      <datasheet>~</datasheet>
      <fields>
        <field name="Spice_Netlist_Enabled">Y</field>
        <field name="Spice_Primitive">D</field>
      </fields>
      <libsource lib="Simulation_SPICE" part="DIODE" description="Diode, anode on pin 1, for simulation only!"/>
      <sheetpath names="/" tstamps="/"/>
      <tstamp>68846F47</tstamp>
    </comp>
    <comp ref="D2">
      <value>DIODE</value>
      <footprint>Diode_SMD:D_1206_3216Metric</footprint>
      <datasheet>~</datasheet>
      <fields>
        <field name="Spice_Netlist_Enabled">Y</field>
        <field name="Spice_Primitive">D</field>
      </fields>
      <libsource lib="Simulation_SPICE" part="DIODE" description="Diode, anode on pin 1, for simulation only!"/>
      <sheetpath names="/" tstamps="/"/>
      <tstamp>6884740F</tstamp>
    </comp>
    <comp ref="C1">
      <value>1000uF/25V</value>
      <footprint>Capacitor_SMD:C_1206_3216Metric</footprint>
      <datasheet>~</datasheet>
      <libsource lib="Device" part="CP" description="Polarized capacitor"/>
      <sheetpath names="/" tstamps="/"/>
      <tstamp>68847B1A</tstamp>
    </comp>
    <comp ref="C2">
      <value>1uF/63V</value>
      <footprint>Capacitor_SMD:C_1206_3216Metric</footprint>
      <datasheet>~</datasheet>
      <libsource lib="Device" part="CP" description="Polarized capacitor"/>
      <sheetpath names="/" tstamps="/"/>
      <tstamp>68847FE6</tstamp>
    </comp>
    <comp ref="R1">
      <value>150E</value>
      <footprint>Resistor_SMD:R_1206_3216Metric</footprint>
      <datasheet>~</datasheet>
      <libsource lib="Device" part="R" description="Resistor"/>
      <sheetpath names="/" tstamps="/"/>
      <tstamp>688485BB</tstamp>
    </comp>
    <comp ref="D3">
      <value>LED</value>
      <footprint>LED_SMD:LED_0805_2012Metric</footprint>
      <datasheet>~</datasheet>
      <libsource lib="Device" part="LED" description="Light emitting diode"/>
      <sheetpath names="/" tstamps="/"/>
      <tstamp>68848CE5</tstamp>
    </comp>
    <comp ref="U1">
      <value>L7805</value>
      <footprint>Package_TO_SOT_SMD:TO-252-2</footprint>
      <datasheet>http://www.st.com/content/ccc/resource/technical/document/datasheet/41/4f/b3/b0/12/d4/47/88/CD00000444.pdf/files/CD00000444.pdf/jcr:content/translations/en.CD00000444.pdf</datasheet>
      <libsource lib="Regulator_Linear" part="L7805" description="Positive 1.5A 35V Linear Regulator, Fixed Output 5V, TO-220/TO-263/TO-252"/>
      <sheetpath names="/" tstamps="/"/>
      <tstamp>688491D7</tstamp>
    </comp>
    <comp ref="J1">
      <value>Conn_01x03_Female</value>
      <footprint>Connector_PinHeader_2.54mm:PinHeader_1x02_P2.54mm_Vertical_SMD_Pin1Right</footprint>
      <datasheet>~</datasheet>
      <libsource lib="Connector" part="Conn_01x03_Female" description="Generic connector, single row, 01x03, script generated (kicad-library-utils/schlib/autogen/connector/)"/>
      <sheetpath names="/" tstamps="/"/>
      <tstamp>68853202</tstamp>
    </comp>
    <comp ref="J2">
      <value>Conn_01x02_Female</value>
      <footprint>Connector_PinHeader_2.54mm:PinHeader_1x02_P2.54mm_Vertical_SMD_Pin1Right</footprint>
      <datasheet>~</datasheet>
      <libsource lib="Connector" part="Conn_01x02_Female" description="Generic connector, single row, 01x02, script generated (kicad-library-utils/schlib/autogen/connector/)"/>
      <sheetpath names="/" tstamps="/"/>
      <tstamp>68853FC3</tstamp>
    </comp>
  </components>
  <libparts>
    <libpart lib="Connector" part="Conn_01x02_Female">
      <description>Generic connector, single row, 01x02, script generated (kicad-library-utils/schlib/autogen/connector/)</description>
      <docs>~</docs>
      <footprints>
        <fp>Connector*:*_1x??_*</fp>
      </footprints>
      <fields>
        <field name="Reference">J</field>
        <field name="Value">Conn_01x02_Female</field>
      </fields>
      <pins>
        <pin num="1" name="Pin_1" type="passive"/>
        <pin num="2" name="Pin_2" type="passive"/>
      </pins>
    </libpart>
    <libpart lib="Connector" part="Conn_01x03_Female">
      <description>Generic connector, single row, 01x03, script generated (kicad-library-utils/schlib/autogen/connector/)</description>
      <docs>~</docs>
      <footprints>
        <fp>Connector*:*_1x??_*</fp>
      </footprints>
      <fields>
        <field name="Reference">J</field>
        <field name="Value">Conn_01x03_Female</field>
      </fields>
      <pins>
        <pin num="1" name="Pin_1" type="passive"/>
        <pin num="2" name="Pin_2" type="passive"/>
        <pin num="3" name="Pin_3" type="passive"/>
      </pins>
    </libpart>
    <libpart lib="Device" part="CP">
      <description>Polarized capacitor</description>
      <docs>~</docs>
      <footprints>
        <fp>CP_*</fp>
      </footprints>
      <fields>
        <field name="Reference">C</field>
        <field name="Value">CP</field>
      </fields>
      <pins>
        <pin num="1" name="~" type="passive"/>
        <pin num="2" name="~" type="passive"/>
      </pins>
    </libpart>
    <libpart lib="Device" part="LED">
      <description>Light emitting diode</description>
      <docs>~</docs>
      <footprints>
        <fp>LED*</fp>
        <fp>LED_SMD:*</fp>
        <fp>LED_THT:*</fp>
      </footprints>
      <fields>
        <field name="Reference">D</field>
        <field name="Value">LED</field>
      </fields>
      <pins>
        <pin num="1" name="K" type="passive"/>
        <pin num="2" name="A" type="passive"/>
      </pins>
    </libpart>
    <libpart lib="Device" part="R">
      <description>Resistor</description>
      <docs>~</docs>
      <footprints>
        <fp>R_*</fp>
      </footprints>
      <fields>
        <field name="Reference">R</field>
        <field name="Value">R</field>
      </fields>
      <pins>
        <pin num="1" name="~" type="passive"/>
        <pin num="2" name="~" type="passive"/>
      </pins>
    </libpart>
    <libpart lib="Regulator_Linear" part="L7805">
      <aliases>
        <alias>L7806</alias>
        <alias>L7808</alias>
        <alias>L7885</alias>
        <alias>L7809</alias>
        <alias>L7812</alias>
        <alias>L7815</alias>
        <alias>L7818</alias>
        <alias>L7824</alias>
      </aliases>
      <description>Positive 1.5A 35V Linear Regulator, Fixed Output 5V, TO-220/TO-263/TO-252</description>
      <docs>http://www.st.com/content/ccc/resource/technical/document/datasheet/41/4f/b3/b0/12/d4/47/88/CD00000444.pdf/files/CD00000444.pdf/jcr:content/translations/en.CD00000444.pdf</docs>
      <footprints>
        <fp>TO?252*</fp>
        <fp>TO?263*</fp>
        <fp>TO?220*</fp>
      </footprints>
      <fields>
        <field name="Reference">U</field>
        <field name="Value">L7805</field>
      </fields>
      <pins>
        <pin num="1" name="IN" type="power_in"/>
        <pin num="2" name="GND" type="power_in"/>
        <pin num="3" name="OUT" type="power_out"/>
      </pins>
    </libpart>
    <libpart lib="Simulation_SPICE" part="DIODE">
      <description>Diode, anode on pin 1, for simulation only!</description>
      <docs>~</docs>
      <fields>
        <field name="Reference">D</field>
        <field name="Value">DIODE</field>
        <field name="Spice_Netlist_Enabled">Y</field>
        <field name="Spice_Primitive">D</field>
      </fields>
      <pins>
        <pin num="1" name="A" type="passive"/>
        <pin num="2" name="K" type="passive"/>
      </pins>
    </libpart>
  </libparts>
  <libraries>
    <library logical="Connector">
      <uri>C:\Program Files\KiCad\share\kicad\library/Connector.lib</uri>
    </library>
    <library logical="Device">
      <uri>C:\Program Files\KiCad\share\kicad\library/Device.lib</uri>
    </library>
    <library logical="Regulator_Linear">
      <uri>C:\Program Files\KiCad\share\kicad\library/Regulator_Linear.lib</uri>
    </library>
    <library logical="Simulation_SPICE">
      <uri>C:\Program Files\KiCad\share\kicad\library/Simulation_SPICE.lib</uri>
    </library>
  </libraries>
  <nets>
    <net code="1" name="15(L1)">
      <node ref="J1" pin="1"/>
      <node ref="D1" pin="1"/>
    </net>
    <net code="2" name="0(N)">
      <node ref="C1" pin="2"/>
      <node ref="J2" pin="1"/>
      <node ref="U1" pin="2"/>
      <node ref="D3" pin="1"/>
      <node ref="C2" pin="2"/>
      <node ref="J1" pin="2"/>
    </net>
    <net code="3" name="15(L2)">
      <node ref="J1" pin="3"/>
      <node ref="D2" pin="1"/>
    </net>
    <net code="4" name="Net-(D3-Pad2)">
      <node ref="D3" pin="2"/>
      <node ref="R1" pin="2"/>
    </net>
    <net code="5" name="+5VDC">
      <node ref="J2" pin="2"/>
      <node ref="R1" pin="1"/>
      <node ref="C2" pin="1"/>
      <node ref="U1" pin="3"/>
    </net>
    <net code="6" name="Net-(C1-Pad1)">
      <node ref="D1" pin="2"/>
      <node ref="D2" pin="2"/>
      <node ref="C1" pin="1"/>
      <node ref="U1" pin="1"/>
    </net>
  </nets>
</export>
