"Source:","D:\Documents\kicad_projects\KiCAD\5V_RPS_SMD\5V_RPS_SMD\5V_RPS_SMD.sch"
"Date:","07/26/25 12:03:53"
"Tool:","Eeschema (5.1.10)-1"
"Generator:","C:\Program Files\KiCad\bin\scripting\plugins/bom_csv_grouped_by_value_with_fp.py"
"Component Count:","9"
"Ref","Qnty","Value","Cmp name","Footprint","Description","Vendor"
"C1, ","1","1000uF/25V","CP","Capacitor_SMD:C_1206_3216Metric","Polarized capacitor",""
"C2, ","1","1uF/63V","CP","Capacitor_SMD:C_1206_3216Metric","Polarized capacitor",""
"D1, D2, ","2","DIODE","DIODE","Diode_SMD:D_1206_3216Metric","Diode, anode on pin 1, for simulation only!",""
"D3, ","1","LED","LED","LED_SMD:LED_0805_2012Metric","Light emitting diode",""
"J1, ","1","Conn_01x03_Female","Conn_01x03_Female","Connector_PinHeader_2.54mm:PinHeader_1x02_P2.54mm_Vertical_SMD_Pin1Right","Generic connector, single row, 01x03, script generated (kicad-library-utils/schlib/autogen/connector/)",""
"J2, ","1","Conn_01x02_Female","Conn_01x02_Female","Connector_PinHeader_2.54mm:PinHeader_1x02_P2.54mm_Vertical_SMD_Pin1Right","Generic connector, single row, 01x02, script generated (kicad-library-utils/schlib/autogen/connector/)",""
"R1, ","1","150E","R","Resistor_SMD:R_1206_3216Metric","Resistor",""
"U1, ","1","L7805","L7805","Package_TO_SOT_SMD:TO-252-2","Positive 1.5A 35V Linear Regulator, Fixed Output 5V, TO-220/TO-263/TO-252",""
